ModelID,parp1_cn,rnf144a_cn,rnf144a_cn_bin,parp1_cn_bin,rnf_low_parp_high_proxy
ACH-000985,1.0414186873664335,0.853407680689558,LOW,NOT_HIGH,False
ACH-000971,1.0981065143914002,0.9598135597761068,NOT_LOW,NOT_HIGH,False
ACH-000883,1.0658495434685478,0.8674797586180393,LOW,NOT_HIGH,False
ACH-000978,1.552946361341339,1.0141384343552584,NOT_LOW,HIGH,False
ACH-000956,1.6827874921823864,0.9625484060485968,NOT_LOW,HIGH,False
ACH-001709,1.140505180660071,0.9354742841769116,LOW,NOT_HIGH,False
ACH-000936,1.038625030929618,0.9904186592847316,NOT_LOW,NOT_HIGH,False
ACH-000963,1.152876520032122,1.036223638451942,NOT_LOW,NOT_HIGH,False
ACH-001709,1.141581610468296,0.9365027915452128,LOW,NOT_HIGH,False
